-- Insert Users (25 records)
INSERT INTO user (firstname, lastname, phoneNumber, age, is_active, created_by, created_at, changed_by, changed_at, deleted_by, deleted_at) VALUES
('John', 'Doe', '+1-555-0101', 28, true, 1, '2024-01-15 10:00:00', NULL, NULL, NULL, NULL),
('Jane', 'Smith', '+1-555-0102', 32, true, 1, '2024-01-16 11:00:00', 2, '2024-02-15 14:30:00', NULL, NULL),
('Mike', 'Johnson', '+1-555-0103', 35, true, 1, '2024-01-17 12:00:00', NULL, NULL, NULL, NULL),
('Sarah', 'Williams', '+1-555-0104', 29, true, 1, '2024-01-18 13:00:00', NULL, NULL, NULL, NULL),
('David', 'Brown', '+1-555-0105', 41, true, 1, '2024-01-19 14:00:00', 3, '2024-03-10 16:20:00', NULL, NULL),
('Emma', 'Davis', '+1-555-0106', 27, true, 1, '2024-01-20 15:00:00', NULL, NULL, NULL, NULL),
('Chris', 'Miller', '+1-555-0107', 38, true, 1, '2024-01-21 16:00:00', NULL, NULL, NULL, NULL),
('Lisa', 'Wilson', '+1-555-0108', 33, true, 1, '2024-01-22 17:00:00', 4, '2024-04-05 18:45:00', NULL, NULL),
('Tom', 'Moore', '+1-555-0109', 45, true, 1, '2024-01-23 18:00:00', NULL, NULL, NULL, NULL),
('Amy', 'Taylor', '+1-555-0110', 31, true, 1, '2024-01-24 19:00:00', NULL, NULL, NULL, NULL),
('Robert', 'Anderson', '+1-555-0111', 39, true, 1, '2024-01-25 20:00:00', 5, '2024-05-12 10:15:00', NULL, NULL),
('Jennifer', 'Thomas', '+1-555-0112', 26, true, 1, '2024-01-26 21:00:00', NULL, NULL, NULL, NULL),
('Kevin', 'Jackson', '+1-555-0113', 34, false, 1, '2024-01-27 22:00:00', 6, '2024-06-08 12:30:00', 2, '2024-07-01 14:00:00'),
('Michelle', 'White', '+1-555-0114', 30, true, 1, '2024-01-28 23:00:00', NULL, NULL, NULL, NULL),
('Daniel', 'Harris', '+1-555-0115', 42, true, 1, '2024-01-29 10:30:00', NULL, NULL, NULL, NULL),
('Rachel', 'Martin', '+1-555-0116', 28, true, 1, '2024-01-30 11:30:00', 7, '2024-08-15 09:20:00', NULL, NULL),
('Steven', 'Garcia', '+1-555-0117', 36, true, 1, '2024-01-31 12:30:00', NULL, NULL, NULL, NULL),
('Nicole', 'Rodriguez', '+1-555-0118', 29, true, 1, '2024-02-01 13:30:00', NULL, NULL, NULL, NULL),
('Brian', 'Lewis', '+1-555-0119', 37, true, 1, '2024-02-02 14:30:00', 8, '2024-09-10 15:45:00', NULL, NULL),
('Amanda', 'Lee', '+1-555-0120', 25, true, 1, '2024-02-03 15:30:00', NULL, NULL, NULL, NULL),
('Jason', 'Walker', '+1-555-0121', 43, true, 1, '2024-02-04 16:30:00', NULL, NULL, NULL, NULL),
('Laura', 'Hall', '+1-555-0122', 32, true, 1, '2024-02-05 17:30:00', 9, '2024-09-20 11:10:00', NULL, NULL),
('Mark', 'Allen', '+1-555-0123', 40, false, 1, '2024-02-06 18:30:00', 10, '2024-08-25 13:55:00', 3, '2024-09-01 16:00:00'),
('Stephanie', 'Young', '+1-555-0124', 27, true, 1, '2024-02-07 19:30:00', NULL, NULL, NULL, NULL),
('Andrew', 'King', '+1-555-0125', 44, true, 1, '2024-02-08 20:30:00', 11, '2024-09-18 14:25:00', NULL, NULL);

-- Insert Personal Info (25 records)
INSERT INTO personalInfo (userId, professionalTitle, company, department, is_active, created_by, created_at, changed_by, changed_at) VALUES
(1, 'Senior Software Engineer', 'TechCorp', 'Engineering', true, 1, '2024-01-15 10:15:00', NULL, NULL),
(2, 'Data Scientist', 'DataTech', 'Analytics', true, 1, '2024-01-16 11:15:00', 2, '2024-02-20 15:30:00'),
(3, 'Project Manager', 'ManageCorp', 'Operations', true, 1, '2024-01-17 12:15:00', NULL, NULL),
(4, 'DevOps Engineer', 'CloudSys', 'Infrastructure', true, 1, '2024-01-18 13:15:00', NULL, NULL),
(5, 'Full Stack Developer', 'WebSolutions', 'Engineering', true, 1, '2024-01-19 14:15:00', 3, '2024-03-15 16:45:00'),
(6, 'UX Designer', 'DesignStudio', 'Design', true, 1, '2024-01-20 15:15:00', NULL, NULL),
(7, 'Backend Developer', 'ServerTech', 'Engineering', true, 1, '2024-01-21 16:15:00', NULL, NULL),
(8, 'Business Analyst', 'AnalyticsPro', 'Business', true, 1, '2024-01-22 17:15:00', 4, '2024-04-10 19:00:00'),
(9, 'Database Administrator', 'DataManage', 'Infrastructure', true, 1, '2024-01-23 18:15:00', NULL, NULL),
(10, 'Frontend Developer', 'WebCraft', 'Engineering', true, 1, '2024-01-24 19:15:00', NULL, NULL),
(11, 'Solutions Architect', 'ArchTech', 'Engineering', true, 1, '2024-01-25 20:15:00', 5, '2024-05-18 10:30:00'),
(12, 'Quality Assurance', 'TestPro', 'Quality', true, 1, '2024-01-26 21:15:00', NULL, NULL),
(13, 'System Administrator', 'SysTech', 'Infrastructure', false, 1, '2024-01-27 22:15:00', 6, '2024-06-12 12:45:00'),
(14, 'Product Manager', 'ProductCorp', 'Product', true, 1, '2024-01-28 23:15:00', NULL, NULL),
(15, 'Security Specialist', 'SecureTech', 'Security', true, 1, '2024-01-29 10:45:00', NULL, NULL),
(16, 'Mobile Developer', 'AppDev', 'Engineering', true, 1, '2024-01-30 11:45:00', 7, '2024-08-20 09:35:00'),
(17, 'Cloud Engineer', 'CloudPro', 'Infrastructure', true, 1, '2024-01-31 12:45:00', NULL, NULL),
(18, 'Data Engineer', 'DataFlow', 'Engineering', true, 1, '2024-02-01 13:45:00', NULL, NULL),
(19, 'Technical Lead', 'LeadTech', 'Engineering', true, 1, '2024-02-02 14:45:00', 8, '2024-09-15 16:00:00'),
(20, 'UI Developer', 'InterfacePro', 'Design', true, 1, '2024-02-03 15:45:00', NULL, NULL),
(21, 'Enterprise Architect', 'BigCorp', 'Architecture', true, 1, '2024-02-04 16:45:00', NULL, NULL),
(22, 'Scrum Master', 'AgileCorp', 'Operations', true, 1, '2024-02-05 17:45:00', 9, '2024-09-25 11:25:00'),
(23, 'Network Engineer', 'NetSys', 'Infrastructure', false, 1, '2024-02-06 18:45:00', 10, '2024-08-30 14:10:00'),
(24, 'Software Tester', 'TestSuite', 'Quality', true, 1, '2024-02-07 19:45:00', NULL, NULL),
(25, 'AI Engineer', 'MLTech', 'Research', true, 1, '2024-02-08 20:45:00', 11, '2024-09-22 14:40:00');

-- Insert Work Experience (25 records)
INSERT INTO workExperience (personalInfoId, currentEmployer, totalYears, is_active, created_by, created_at, changed_by, changed_at) VALUES
(1, 'TechCorp', 5, true, 1, '2024-01-15 10:30:00', NULL, NULL),
(2, 'DataTech', 8, true, 1, '2024-01-16 11:30:00', 2, '2024-02-25 15:45:00'),
(3, 'ManageCorp', 12, true, 1, '2024-01-17 12:30:00', NULL, NULL),
(4, 'CloudSys', 6, true, 1, '2024-01-18 13:30:00', NULL, NULL),
(5, 'WebSolutions', 15, true, 1, '2024-01-19 14:30:00', 3, '2024-03-20 17:00:00'),
(6, 'DesignStudio', 4, true, 1, '2024-01-20 15:30:00', NULL, NULL),
(7, 'ServerTech', 9, true, 1, '2024-01-21 16:30:00', NULL, NULL),
(8, 'AnalyticsPro', 7, true, 1, '2024-01-22 17:30:00', 4, '2024-04-15 19:15:00'),
(9, 'DataManage', 18, true, 1, '2024-01-23 18:30:00', NULL, NULL),
(10, 'WebCraft', 3, true, 1, '2024-01-24 19:30:00', NULL, NULL),
(11, 'ArchTech', 14, true, 1, '2024-01-25 20:30:00', 5, '2024-05-22 10:45:00'),
(12, 'TestPro', 5, true, 1, '2024-01-26 21:30:00', NULL, NULL),
(13, 'SysTech', 11, false, 1, '2024-01-27 22:30:00', 6, '2024-06-18 13:00:00'),
(14, 'ProductCorp', 6, true, 1, '2024-01-28 23:30:00', NULL, NULL),
(15, 'SecureTech', 13, true, 1, '2024-01-29 11:00:00', NULL, NULL),
(16, 'AppDev', 4, true, 1, '2024-01-30 12:00:00', 7, '2024-08-25 09:50:00'),
(17, 'CloudPro', 8, true, 1, '2024-01-31 13:00:00', NULL, NULL),
(18, 'DataFlow', 5, true, 1, '2024-02-01 14:00:00', NULL, NULL),
(19, 'LeadTech', 10, true, 1, '2024-02-02 15:00:00', 8, '2024-09-20 16:15:00'),
(20, 'InterfacePro', 2, true, 1, '2024-02-03 16:00:00', NULL, NULL),
(21, 'BigCorp', 16, true, 1, '2024-02-04 17:00:00', NULL, NULL),
(22, 'AgileCorp', 7, true, 1, '2024-02-05 18:00:00', 9, '2024-09-28 11:40:00'),
(23, 'NetSys', 12, false, 1, '2024-02-06 19:00:00', 10, '2024-09-02 14:25:00'),
(24, 'TestSuite', 3, true, 1, '2024-02-07 20:00:00', NULL, NULL),
(25, 'MLTech', 6, true, 1, '2024-02-08 21:00:00', 11, '2024-09-25 14:55:00');

-- Insert Skills (25 records)
INSERT INTO skill (workExperienceId, is_active, created_by, created_at, changed_by, changed_at) VALUES
(1, true, 1, '2024-01-15 10:45:00', NULL, NULL),
(2, true, 1, '2024-01-16 11:45:00', 2, '2024-03-01 16:00:00'),
(3, true, 1, '2024-01-17 12:45:00', NULL, NULL),
(4, true, 1, '2024-01-18 13:45:00', NULL, NULL),
(5, true, 1, '2024-01-19 14:45:00', 3, '2024-03-25 17:15:00'),
(6, true, 1, '2024-01-20 15:45:00', NULL, NULL),
(7, true, 1, '2024-01-21 16:45:00', NULL, NULL),
(8, true, 1, '2024-01-22 17:45:00', 4, '2024-04-20 19:30:00'),
(9, true, 1, '2024-01-23 18:45:00', NULL, NULL),
(10, true, 1, '2024-01-24 19:45:00', NULL, NULL),
(11, true, 1, '2024-01-25 20:45:00', 5, '2024-05-28 11:00:00'),
(12, true, 1, '2024-01-26 21:45:00', NULL, NULL),
(13, false, 1, '2024-01-27 22:45:00', 6, '2024-06-22 13:15:00'),
(14, true, 1, '2024-01-28 23:45:00', NULL, NULL),
(15, true, 1, '2024-01-29 11:15:00', NULL, NULL),
(16, true, 1, '2024-01-30 12:15:00', 7, '2024-08-30 10:05:00'),
(17, true, 1, '2024-01-31 13:15:00', NULL, NULL),
(18, true, 1, '2024-02-01 14:15:00', NULL, NULL),
(19, true, 1, '2024-02-02 15:15:00', 8, '2024-09-25 16:30:00'),
(20, true, 1, '2024-02-03 16:15:00', NULL, NULL),
(21, true, 1, '2024-02-04 17:15:00', NULL, NULL),
(22, true, 1, '2024-02-05 18:15:00', 9, '2024-09-30 11:55:00'),
(23, false, 1, '2024-02-06 19:15:00', 10, '2024-09-05 14:40:00'),
(24, true, 1, '2024-02-07 20:15:00', NULL, NULL),
(25, true, 1, '2024-02-08 21:15:00', 11, '2024-09-28 15:10:00');

-- Insert Skill Names (30 records)
INSERT INTO skillName (name, is_active, created_by, created_at, changed_by, changed_at) VALUES
('Java', true, 1, '2024-01-10 09:00:00', NULL, NULL),
('Python', true, 1, '2024-01-10 09:05:00', NULL, NULL),
('JavaScript', true, 1, '2024-01-10 09:10:00', NULL, NULL),
('React', true, 1, '2024-01-10 09:15:00', 2, '2024-08-15 14:20:00'),
('Node.js', true, 1, '2024-01-10 09:20:00', NULL, NULL),
('SQL', true, 1, '2024-01-10 09:25:00', NULL, NULL),
('MongoDB', true, 1, '2024-01-10 09:30:00', NULL, NULL),
('Docker', true, 1, '2024-01-10 09:35:00', 3, '2024-09-10 15:45:00'),
('Kubernetes', true, 1, '2024-01-10 09:40:00', NULL, NULL),
('AWS', true, 1, '2024-01-10 09:45:00', NULL, NULL),
('Azure', true, 1, '2024-01-10 09:50:00', NULL, NULL),
('Angular', true, 1, '2024-01-10 09:55:00', 4, '2024-09-20 16:30:00'),
('Vue.js', true, 1, '2024-01-10 10:00:00', NULL, NULL),
('Spring Boot', true, 1, '2024-01-10 10:05:00', NULL, NULL),
('Django', true, 1, '2024-01-10 10:10:00', NULL, NULL),
('Flask', true, 1, '2024-01-10 10:15:00', NULL, NULL),
('PostgreSQL', true, 1, '2024-01-10 10:20:00', NULL, NULL),
('Redis', true, 1, '2024-01-10 10:25:00', 5, '2024-09-25 17:15:00'),
('GraphQL', true, 1, '2024-01-10 10:30:00', NULL, NULL),
('TypeScript', true, 1, '2024-01-10 10:35:00', NULL, NULL),
('C#', true, 1, '2024-01-10 10:40:00', NULL, NULL),
('Go', true, 1, '2024-01-10 10:45:00', NULL, NULL),
('Rust', false, 1, '2024-01-10 10:50:00', 6, '2024-07-15 12:30:00'),
('Swift', true, 1, '2024-01-10 10:55:00', NULL, NULL),
('Kotlin', true, 1, '2024-01-10 11:00:00', NULL, NULL),
('Machine Learning', true, 1, '2024-01-10 11:05:00', 7, '2024-09-18 13:45:00'),
('Data Analysis', true, 1, '2024-01-10 11:10:00', NULL, NULL),
('DevOps', true, 1, '2024-01-10 11:15:00', NULL, NULL),
('Microservices', true, 1, '2024-01-10 11:20:00', NULL, NULL),
('Blockchain', false, 1, '2024-01-10 11:25:00', 8, '2024-08-20 11:50:00');

-- Insert Proficiency Levels (10 records)
INSERT INTO proficiency (name, is_active, created_by, created_at, changed_by, changed_at) VALUES
('Beginner', true, 1, '2024-01-10 08:00:00', NULL, NULL),
('Intermediate', true, 1, '2024-01-10 08:05:00', NULL, NULL),
('Advanced', true, 1, '2024-01-10 08:10:00', NULL, NULL),
('Expert', true, 1, '2024-01-10 08:15:00', NULL, NULL),
('Master', true, 1, '2024-01-10 08:20:00', 2, '2024-08-10 14:25:00'),
('Novice', true, 1, '2024-01-10 08:25:00', NULL, NULL),
('Competent', true, 1, '2024-01-10 08:30:00', NULL, NULL),
('Proficient', true, 1, '2024-01-10 08:35:00', NULL, NULL),
('Distinguished', true, 1, '2024-01-10 08:40:00', NULL, NULL),
('Superior', false, 1, '2024-01-10 08:45:00', 3, '2024-07-20 13:15:00');

-- Insert Technical Skills (40 records)
INSERT INTO technical (skillId, category, is_active, created_by, created_at, changed_by, changed_at) VALUES
(1, 'Programming Languages', true, 1, '2024-01-15 11:00:00', NULL, NULL),
(1, 'Frameworks', true, 1, '2024-01-15 11:05:00', NULL, NULL),
(2, 'Data Science', true, 1, '2024-01-16 12:00:00', 2, '2024-03-05 16:15:00'),
(2, 'Machine Learning', true, 1, '2024-01-16 12:05:00', NULL, NULL),
(3, 'Project Management', true, 1, '2024-01-17 13:00:00', NULL, NULL),
(4, 'DevOps', true, 1, '2024-01-18 14:00:00', NULL, NULL),
(4, 'Cloud Computing', true, 1, '2024-01-18 14:05:00', NULL, NULL),
(5, 'Web Development', true, 1, '2024-01-19 15:00:00', 3, '2024-03-30 17:30:00'),
(5, 'Backend Development', true, 1, '2024-01-19 15:05:00', NULL, NULL),
(6, 'UI/UX Design', true, 1, '2024-01-20 16:00:00', NULL, NULL),
(7, 'Backend Development', true, 1, '2024-01-21 17:00:00', NULL, NULL),
(8, 'Business Analysis', true, 1, '2024-01-22 18:00:00', 4, '2024-04-25 19:45:00'),
(9, 'Database Management', true, 1, '2024-01-23 19:00:00', NULL, NULL),
(10, 'Frontend Development', true, 1, '2024-01-24 20:00:00', NULL, NULL),
(11, 'System Architecture', true, 1, '2024-01-25 21:00:00', 5, '2024-06-02 11:15:00'),
(12, 'Quality Assurance', true, 1, '2024-01-26 22:00:00', NULL, NULL),
(13, 'System Administration', false, 1, '2024-01-27 23:00:00', 6, '2024-06-25 13:30:00'),
(14, 'Product Management', true, 1, '2024-01-28 10:00:00', NULL, NULL),
(15, 'Cybersecurity', true, 1, '2024-01-29 11:30:00', NULL, NULL),
(16, 'Mobile Development', true, 1, '2024-01-30 12:30:00', 7, '2024-09-05 10:20:00'),
(17, 'Cloud Computing', true, 1, '2024-01-31 13:30:00', NULL, NULL),
(18, 'Data Engineering', true, 1, '2024-02-01 14:30:00', NULL, NULL),
(19, 'Technical Leadership', true, 1, '2024-02-02 15:30:00', 8, '2024-09-30 16:45:00'),
(20, 'Frontend Development', true, 1, '2024-02-03 16:30:00', NULL, NULL),
(21, 'Enterprise Architecture', true, 1, '2024-02-04 17:30:00', NULL, NULL),
(22, 'Agile Methodologies', true, 1, '2024-02-05 18:30:00', 9, '2024-10-02 12:10:00'),
(23, 'Network Engineering', false, 1, '2024-02-06 19:30:00', 10, '2024-09-08 14:55:00'),
(24, 'Software Testing', true, 1, '2024-02-07 20:30:00', NULL, NULL),
(25, 'Artificial Intelligence', true, 1, '2024-02-08 21:30:00', 11, '2024-10-01 15:25:00'),
(1, 'Database Management', true, 1, '2024-01-15 11:10:00', NULL, NULL),
(3, 'Agile Methodologies', true, 1, '2024-01-17 13:10:00', NULL, NULL),
(5, 'Cloud Computing', true, 1, '2024-01-19 15:10:00', NULL, NULL),
(7, 'Database Management', true, 1, '2024-01-21 17:10:00', NULL, NULL),
(9, 'Cloud Computing', true, 1, '2024-01-23 19:10:00', NULL, NULL),
(11, 'Programming Languages', true, 1, '2024-01-25 21:10:00', NULL, NULL),
(15, 'Programming Languages', true, 1, '2024-01-29 11:40:00', NULL, NULL),
(17, 'DevOps', true, 1, '2024-01-31 13:40:00', NULL, NULL),
(19, 'Programming Languages', true, 1, '2024-02-02 15:40:00', NULL, NULL),
(21, 'System Architecture', true, 1, '2024-02-04 17:40:00', NULL, NULL),
(25, 'Machine Learning', true, 1, '2024-02-08 21:40:00', NULL, NULL);

-- Insert Soft Skills (35 records) 
INSERT INTO soft (skillId, skill, skillLevel, experience, is_active, created_by, created_at, changed_by, changed_at, deleted_by, deleted_at) VALUES
(1, 'Communication', 'Advanced', '5 years', true, 1, '2024-01-15 11:15:00', NULL, NULL, NULL, NULL),
(2, 'Leadership', 'Expert', '8 years', true, 1, '2024-01-16 12:15:00', 2, '2024-03-10 16:30:00', NULL, NULL),
(3, 'Project Management', 'Master', '12 years', true, 1, '2024-01-17 13:15:00', NULL, NULL, NULL, NULL),
(4, 'Problem Solving', 'Advanced', '6 years', true, 1, '2024-01-18 14:15:00', NULL, NULL, NULL, NULL),
(5, 'Team Work', 'Expert', '15 years', true, 1, '2024-01-19 15:15:00', 3, '2024-04-05 17:45:00', NULL, NULL),
(6, 'Creativity', 'Advanced', '4 years', true, 1, '2024-01-20 16:15:00', NULL, NULL, NULL, NULL),
(7, 'Critical Thinking', 'Expert', '9 years', true, 1, '2024-01-21 17:15:00', NULL, NULL, NULL, NULL),
(8, 'Analytical Skills', 'Advanced', '7 years', true, 1, '2024-01-22 18:15:00', 4, '2024-04-30 20:00:00', NULL, NULL),
(9, 'Time Management', 'Master', '18 years', true, 1, '2024-01-23 19:15:00', NULL, NULL, NULL, NULL),
(10, 'Adaptability', 'Intermediate', '3 years', true, 1, '2024-01-24 20:15:00', NULL, NULL, NULL, NULL),
(11, 'Strategic Planning', 'Expert', '14 years', true, 1, '2024-01-25 21:15:00', 5, '2024-06-08 11:30:00', NULL, NULL),
(12, 'Attention to Detail', 'Advanced', '5 years', true, 1, '2024-01-26 22:15:00', NULL, NULL, NULL, NULL),
(14, 'Negotiation', 'Advanced', '6 years', true, 1, '2024-01-28 10:15:00', NULL, NULL, NULL, NULL),
(15, 'Risk Management', 'Expert', '13 years', true, 1, '2024-01-29 11:45:00', NULL, NULL, NULL, NULL),
(16, 'Innovation', 'Intermediate', '4 years', true, 1, '2024-01-30 12:45:00', 7, '2024-09-10 10:35:00', NULL, NULL),
(17, 'Customer Focus', 'Advanced', '8 years', true, 1, '2024-01-31 13:45:00', NULL, NULL, NULL, NULL),
(18, 'Data Interpretation', 'Expert', '5 years', true, 1, '2024-02-01 14:45:00', NULL, NULL, NULL, NULL),
(19, 'Mentoring', 'Master', '10 years', true, 1, '2024-02-02 15:45:00', 8, '2024-10-05 17:00:00', NULL, NULL),
(20, 'User Experience', 'Intermediate', '2 years', true, 1, '2024-02-03 16:45:00', NULL, NULL, NULL, NULL),
(21, 'Business Strategy', 'Expert', '16 years', true, 1, '2024-02-04 17:45:00', NULL, NULL, NULL, NULL),
(22, 'Agile Coaching', 'Advanced', '7 years', true, 1, '2024-02-05 18:45:00', 9, '2024-10-08 12:25:00', NULL, NULL),
(24, 'Process Improvement', 'Intermediate', '3 years', true, 1, '2024-02-07 20:45:00', NULL, NULL, NULL, NULL),
(25, 'Research', 'Expert', '6 years', true, 1, '2024-02-08 21:45:00', 11, '2024-10-03 15:40:00', NULL, NULL),
(1, 'Presentation', 'Advanced', '5 years', true, 1, '2024-01-15 11:20:00', NULL, NULL, NULL, NULL),
(3, 'Stakeholder Management', 'Expert', '12 years', true, 1, '2024-01-17 13:20:00', NULL, NULL, NULL, NULL),
(5, 'Conflict Resolution', 'Advanced', '15 years', true, 1, '2024-01-19 15:20:00', NULL, NULL, NULL, NULL),
(7, 'Technical Writing', 'Expert', '9 years', true, 1, '2024-01-21 17:20:00', NULL, NULL, NULL, NULL),
(9, 'Process Optimization', 'Master', '18 years', true, 1, '2024-01-23 19:20:00', NULL, NULL, NULL, NULL),
(11, 'Change Management', 'Expert', '14 years', true, 1, '2024-01-25 21:20:00', NULL, NULL, NULL, NULL),
(15, 'Compliance', 'Advanced', '13 years', true, 1, '2024-01-29 11:50:00', NULL, NULL, NULL, NULL),
(17, 'Vendor Management', 'Advanced', '8 years', true, 1, '2024-01-31 13:50:00', NULL, NULL, NULL, NULL),
(19, 'Performance Management', 'Expert', '10 years', true, 1, '2024-02-02 15:50:00', NULL, NULL, NULL, NULL),
(21, 'Digital Transformation', 'Expert', '16 years', true, 1, '2024-02-04 17:50:00', NULL, NULL, NULL, NULL),
(25, 'Machine Learning Strategy', 'Advanced', '6 years', true, 1, '2024-02-08 21:50:00', NULL, NULL, NULL, NULL),
(2, 'Decision Making', 'Expert', '8 years', true, 1, '2024-01-16 12:20:00', NULL, NULL, 2, '2024-09-15 14:30:00'),
(4, 'Quality Assurance', 'Advanced', '6 years', true, 1, '2024-01-18 14:20:00', NULL, NULL, 3, '2024-08-20 16:45:00');

-- Insert Skill Name Mappings (50 records)
INSERT INTO skillNameMapping (technicalId, skillNameId, is_active, created_by, created_at, changed_by, changed_at) VALUES
(1, 1, true, 1, '2024-01-15 11:30:00', NULL, NULL),
(1, 14, true, 1, '2024-01-15 11:32:00', NULL, NULL),
(2, 2, true, 1, '2024-01-16 12:30:00', 2, '2024-03-12 16:45:00'),
(2, 26, true, 1, '2024-01-16 12:32:00', NULL, NULL),
(3, 1, true, 1, '2024-01-17 13:30:00', NULL, NULL),
(4, 8, true, 1, '2024-01-18 14:30:00', NULL, NULL),
(4, 9, true, 1, '2024-01-18 14:32:00', NULL, NULL),
(5, 10, true, 1, '2024-01-19 15:30:00', 3, '2024-04-02 18:00:00'),
(5, 11, true, 1, '2024-01-19 15:32:00', NULL, NULL),
(6, 3, true, 1, '2024-01-20 16:30:00', NULL, NULL),
(7, 5, true, 1, '2024-01-21 17:30:00', NULL, NULL),
(7, 14, true, 1, '2024-01-21 17:32:00', NULL, NULL),
(8, 6, true, 1, '2024-01-22 18:30:00', 4, '2024-05-05 20:15:00'),
(9, 17, true, 1, '2024-01-23 19:30:00', NULL, NULL),
(9, 7, true, 1, '2024-01-23 19:32:00', NULL, NULL),
(10, 4, true, 1, '2024-01-24 20:30:00', NULL, NULL),
(10, 20, true, 1, '2024-01-24 20:32:00', NULL, NULL),
(11, 1, true, 1, '2024-01-25 21:30:00', 5, '2024-06-10 11:45:00'),
(11, 10, true, 1, '2024-01-25 21:32:00', NULL, NULL),
(12, 1, true, 1, '2024-01-26 22:30:00', NULL, NULL),
(13, 8, false, 1, '2024-01-27 23:30:00', 6, '2024-06-28 13:45:00'),
(14, 1, true, 1, '2024-01-28 10:30:00', NULL, NULL),
(15, 21, true, 1, '2024-01-29 11:40:00', NULL, NULL),
(16, 24, true, 1, '2024-01-30 12:40:00', 7, '2024-09-12 10:50:00'),
(16, 25, true, 1, '2024-01-30 12:40:00', NULL, NULL),
(17, 10, true, 1, '2024-01-31 13:40:00', NULL, NULL),
(17, 11, true, 1, '2024-01-31 13:40:00', NULL, NULL),
(18, 2, true, 1, '2024-02-01 14:40:00', NULL, NULL),
(19, 1, true, 1, '2024-02-02 15:40:00', 8, '2024-10-08 17:15:00'),
(19, 5, true, 1, '2024-02-02 15:40:00', NULL, NULL),
(20, 4, true, 1, '2024-02-03 16:40:00', NULL, NULL),
(20, 12, true, 1, '2024-02-03 16:40:00', NULL, NULL),
(21, 1, true, 1, '2024-02-04 17:40:00', NULL, NULL),
(21, 10, true, 1, '2024-02-04 17:40:00', NULL, NULL),
(22, 1, true, 1, '2024-02-05 18:40:00', 9, '2024-10-10 12:40:00'),
(23, 8, false, 1, '2024-02-06 19:40:00', 10, '2024-09-12 15:10:00'),
(24, 1, true, 1, '2024-02-07 20:40:00', NULL, NULL),
(25, 2, true, 1, '2024-02-08 21:40:00', 11, '2024-10-05 15:55:00'),
(25, 26, true, 1, '2024-02-08 21:22:00', NULL, NULL),
(30, 6, true, 1, '2024-01-15 11:35:00', NULL, NULL),
(30, 17, true, 1, '2024-01-15 11:37:00', NULL, NULL),
(31, 1, true, 1, '2024-01-17 13:35:00', NULL, NULL),
(32, 10, true, 1, '2024-01-19 15:35:00', NULL, NULL),
(33, 6, true, 1, '2024-01-21 17:35:00', NULL, NULL),
(34, 11, true, 1, '2024-01-23 19:35:00', NULL, NULL),
(35, 1, true, 1, '2024-01-25 21:35:00', NULL, NULL),
(36, 21, true, 1, '2024-01-29 11:55:00', NULL, NULL),
(37, 8, true, 1, '2024-01-31 13:55:00', NULL, NULL),
(38, 1, true, 1, '2024-02-02 15:55:00', NULL, NULL),
(39, 1, true, 1, '2024-02-04 17:55:00', NULL, NULL);

-- Insert Proficiency Mappings (60 records) - Note: Fixed foreign key reference
INSERT INTO proficiencyMapping (technicalId, proficiencyId, is_active, created_by, created_at, changed_by, changed_at) VALUES
(1, 3, true, 1, '2024-01-15 11:45:00', NULL, NULL),
(2, 4, true, 1, '2024-01-16 12:45:00', 2, '2024-03-15 17:00:00'),
(3, 2, true, 1, '2024-01-17 13:45:00', NULL, NULL),
(4, 3, true, 1, '2024-01-18 14:45:00', NULL, NULL),
(5, 4, true, 1, '2024-01-19 15:45:00', 3, '2024-04-08 18:15:00'),
(6, 2, true, 1, '2024-01-20 16:45:00', NULL, NULL),
(7, 3, true, 1, '2024-01-21 17:45:00', NULL, NULL),
(8, 3, true, 1, '2024-01-22 18:45:00', 4, '2024-05-10 20:30:00'),
(9, 5, true, 1, '2024-01-23 19:45:00', NULL, NULL),
(10, 2, true, 1, '2024-01-24 20:45:00', NULL, NULL),
(11, 4, true, 1, '2024-01-25 21:45:00', 5, '2024-06-15 12:00:00'),
(12, 2, true, 1, '2024-01-26 22:45:00', NULL, NULL),
(13, 3, false, 1, '2024-01-27 23:45:00', 6, '2024-07-02 14:00:00'),
(14, 3, true, 1, '2024-01-28 10:45:00', NULL, NULL),
(15, 4, true, 1, '2024-01-29 12:00:00', NULL, NULL),
(16, 2, true, 1, '2024-01-30 13:00:00', 7, '2024-09-15 11:05:00'),
(17, 3, true, 1, '2024-01-31 14:00:00', NULL, NULL),
(18, 3, true, 1, '2024-02-01 15:00:00', NULL, NULL),
(19, 4, true, 1, '2024-02-02 16:00:00', 8, '2024-10-12 17:30:00'),
(20, 1, true, 1, '2024-02-03 17:00:00', NULL, NULL),
(21, 5, true, 1, '2024-02-04 18:00:00', NULL, NULL),
(22, 3, true, 1, '2024-02-05 19:00:00', 9, '2024-10-15 12:55:00'),
(23, 3, false, 1, '2024-02-06 20:00:00', 10, '2024-09-15 15:25:00'),
(24, 2, true, 1, '2024-02-07 21:00:00', NULL, NULL),
(25, 4, true, 1, '2024-02-08 22:00:00', 11, '2024-10-08 16:10:00'),
(1, 4, true, 1, '2024-01-15 11:47:00', NULL, NULL),
(2, 3, true, 1, '2024-01-16 12:47:00', NULL, NULL),
(5, 3, true, 1, '2024-01-19 15:47:00', NULL, NULL),
(7, 4, true, 1, '2024-01-21 17:47:00', NULL, NULL),
(9, 4, true, 1, '2024-01-23 19:47:00', NULL, NULL),
(11, 5, true, 1, '2024-01-25 21:47:00', NULL, NULL),
(15, 3, true, 1, '2024-01-29 12:02:00', NULL, NULL),
(17, 4, true, 1, '2024-01-31 14:02:00', NULL, NULL),
(19, 3, true, 1, '2024-02-02 16:02:00', NULL, NULL),
(21, 4, true, 1, '2024-02-04 18:02:00', NULL, NULL),
(25, 3, true, 1, '2024-02-08 22:02:00', NULL, NULL),
(30, 2, true, 1, '2024-01-15 11:50:00', NULL, NULL),
(31, 3, true, 1, '2024-01-17 13:50:00', NULL, NULL),
(32, 3, true, 1, '2024-01-19 15:50:00', NULL, NULL),
(33, 2, true, 1, '2024-01-21 17:50:00', NULL, NULL),
(34, 4, true, 1, '2024-01-23 19:50:00', NULL, NULL),
(35, 4, true, 1, '2024-01-25 21:50:00', NULL, NULL),
(36, 3, true, 1, '2024-01-29 12:05:00', NULL, NULL),
(37, 3, true, 1, '2024-01-31 14:05:00', NULL, NULL),
(38, 4, true, 1, '2024-02-02 16:05:00', NULL, NULL),
(39, 5, true, 1, '2024-02-04 18:05:00', NULL, NULL),
(40, 3, true, 1, '2024-02-08 22:05:00', NULL, NULL),
(3, 4, true, 1, '2024-01-17 13:47:00', NULL, NULL),
(4, 2, true, 1, '2024-01-18 14:47:00', NULL, NULL),
(6, 3, true, 1, '2024-01-20 16:47:00', NULL, NULL),
(8, 2, true, 1, '2024-01-22 18:47:00', NULL, NULL),
(10, 3, true, 1, '2024-01-24 20:47:00', NULL, NULL),
(12, 3, true, 1, '2024-01-26 22:47:00', NULL, NULL),
(14, 2, true, 1, '2024-01-28 10:47:00', NULL, NULL),
(16, 3, true, 1, '2024-01-30 13:02:00', NULL, NULL),
(18, 4, true, 1, '2024-02-01 15:02:00', NULL, NULL),
(20, 2, true, 1, '2024-02-03 17:02:00', NULL, NULL),
(22, 4, true, 1, '2024-02-05 19:02:00', NULL, NULL),
(24, 3, true, 1, '2024-02-07 21:02:00', NULL, NULL),
(1, 2, true, 1, '2024-01-15 11:52:00', NULL, NULL),
(5, 5, true, 1, '2024-01-19 15:52:00', NULL, NULL),
(11, 3, true, 1, '2024-01-25 21:52:00', NULL, NULL);


SELECT UUID() 
AS UUID_Value ;


select * from user;
select * from personalinfo;
select * from workexperience;
select * from skill;
select * from technical;
select * from soft;
select * from skillnamemapping;
select * from skillname;
select * from proficiencymapping;
select * from proficiency;



